{"min": [-0.178719, -0.743667, -0.652593], "max": [0.170294, 0.813303, 0.659797]}