{"min": [-0.175243, -0.823279, -0.548014], "max": [0.171993, 0.989805, 0.6283]}